タイトル,URL
リーグ・オブ・レジェンド - League of Legends,https://www.leagueoflegends.com/ja-jp/
LoLJPWiki - LoL日本語攻略wiki,https://www.loljp-wiki.jp/wiki/
LoLチャンピオン : 全チャンピオンビルド、ティアリスト ...,https://www.op.gg/ja/lol/champions
LoL Esports | スケジュール,https://lolesports.com/ja-JP
League of Legends 日本語 Wiki*,https://wikiwiki.jp/lolwiki_jp/
Home | Riot Games,https://www.riotgames.com/ja
チャンピオン統計 - リーグ・オブ・レジェンド,https://www.leagueofgraphs.com/ja/champions/stats
LoLライブスコア&ゲーム統計 - スケジュール、今日の試合 ...,https://bo3.gg/ja/lol/matches/current
LoL Tier List - LoLalytics LoL Tier List for Patch 16.1,https://lolalytics.com/ja/lol/tierlist/
Champions - League of Legends,https://www.leagueoflegends.com/ja-jp/champions/
